{
  "cv_results": {
    "random_forest": [
      0.7078651685393258,
      0.6986564299424184,
      0.6994328922495274,
      0.7310606060606061,
      0.7172675521821632
    ],
    "xgboost": [
      0.7035398230088495,
      0.6919642857142857,
      0.6857142857142857,
      0.7461368653421634,
      0.6954545454545454
    ],
    "lightgbm": [
      0.7101123595505618,
      0.6605504587155964,
      0.6813186813186813,
      0.7208791208791209,
      0.6879271070615034
    ],
    "svm": [
      0.715927750410509,
      0.7171052631578947,
      0.7124183006535948,
      0.715927750410509,
      0.7138157894736842
    ],
    "mlp": [
      0.6998158379373849,
      0.6754221388367729,
      0.66,
      0.7054908485856906,
      0.7095709570957096
    ],
    "lasso": [
      0.7100977198697068,
      0.7100977198697068,
      0.7100977198697068,
      0.7100977198697068,
      0.7091503267973857
    ]
  },
  "cv_means": {
    "random_forest": 0.7108565297948082,
    "xgboost": 0.7045619610468259,
    "lightgbm": 0.6921575455050928,
    "svm": 0.7150389708212384,
    "mlp": 0.6900599564911116,
    "lasso": 0.7099082412552427
  },
  "cv_stds": {
    "random_forest": 0.012145748878849554,
    "xgboost": 0.02157034418515661,
    "lightgbm": 0.02136206806921362,
    "svm": 0.0016860312614963239,
    "mlp": 0.019140718315413828,
    "lasso": 0.0003789572289284671
  },
  "friedman": {
    "statistic": 10.828571428571422,
    "p_value": 0.05488686562562342,
    "significant": false
  },
  "mcnemar_pvalues": [
    [
      1.0,
      0.14579514095197188,
      0.2212595732332816,
      0.003442033333573624,
      0.00031787311937403473,
      0.00035403202361794506
    ],
    [
      0.14579514095197188,
      1.0,
      0.8936946693232326,
      0.001042793190900837,
      0.00010715569914321321,
      0.00015529639334044276
    ],
    [
      0.2212595732332816,
      0.8936946693232326,
      1.0,
      0.002243415049276498,
      0.00039596543643327653,
      0.00036754641991643133
    ],
    [
      0.003442033333573624,
      0.001042793190900837,
      0.002243415049276498,
      1.0,
      0.5186050164287255,
      0.05234506327316324
    ],
    [
      0.00031787311937403473,
      0.00010715569914321321,
      0.00039596543643327653,
      0.5186050164287255,
      1.0,
      0.8197075378297882
    ],
    [
      0.00035403202361794506,
      0.00015529639334044276,
      0.00036754641991643133,
      0.05234506327316324,
      0.8197075378297882,
      1.0
    ]
  ],
  "bootstrap_ci": {
    "random_forest": {
      "f1_mean": 0.7223551166012424,
      "f1_ci_low": 0.6823826578150477,
      "f1_ci_high": 0.7614975942261427,
      "roc_auc_mean": 0.6510237886577387,
      "roc_auc_ci_low": 0.5987518686512535,
      "roc_auc_ci_high": 0.7008441609847033,
      "accuracy_mean": 0.6239151515151516,
      "accuracy_ci_low": 0.5817676767676767,
      "accuracy_ci_high": 0.6687373737373736
    },
    "xgboost": {
      "f1_mean": 0.7078265743562495,
      "f1_ci_low": 0.6631200932984412,
      "f1_ci_high": 0.7508202240989126,
      "roc_auc_mean": 0.7251747180432678,
      "roc_auc_ci_low": 0.6814449232532296,
      "roc_auc_ci_high": 0.7677938515850152,
      "accuracy_mean": 0.6592343434343435,
      "accuracy_ci_low": 0.6161616161616161,
      "accuracy_ci_high": 0.703080808080808
    },
    "lightgbm": {
      "f1_mean": 0.7010730787433999,
      "f1_ci_low": 0.6593796913469044,
      "f1_ci_high": 0.7441880972888725,
      "roc_auc_mean": 0.7079672495278193,
      "roc_auc_ci_low": 0.6629408235538498,
      "roc_auc_ci_high": 0.7528135243804399,
      "accuracy_mean": 0.6561656565656566,
      "accuracy_ci_low": 0.6161616161616161,
      "accuracy_ci_high": 0.701010101010101
    },
    "svm": {
      "f1_mean": 0.7154745721234663,
      "f1_ci_low": 0.6794468855001292,
      "f1_ci_high": 0.7516164867827272,
      "roc_auc_mean": 0.665724960506991,
      "roc_auc_ci_low": 0.6172104981998359,
      "roc_auc_ci_high": 0.7137077535881517,
      "accuracy_mean": 0.569040404040404,
      "accuracy_ci_low": 0.5272727272727272,
      "accuracy_ci_high": 0.6141414141414141
    },
    "mlp": {
      "f1_mean": 0.6814895736503755,
      "f1_ci_low": 0.6402230958166242,
      "f1_ci_high": 0.720112517580872,
      "roc_auc_mean": 0.5562506833056668,
      "roc_auc_ci_low": 0.5049859855385622,
      "roc_auc_ci_high": 0.6044950764452385,
      "accuracy_mean": 0.5561575757575759,
      "accuracy_ci_low": 0.5111111111111111,
      "accuracy_ci_high": 0.597979797979798
    },
    "lasso": {
      "f1_mean": 0.7100640333854319,
      "f1_ci_low": 0.6729222520107239,
      "f1_ci_high": 0.7452471482889734,
      "roc_auc_mean": 0.5,
      "roc_auc_ci_low": 0.5,
      "roc_auc_ci_high": 0.5,
      "accuracy_mean": 0.5507979797979798,
      "accuracy_ci_low": 0.5070707070707071,
      "accuracy_ci_high": 0.593939393939394
    }
  },
  "avg_ranks": {
    "random_forest": 2.6,
    "xgboost": 3.8,
    "lightgbm": 4.4,
    "svm": 1.8,
    "mlp": 5.2,
    "lasso": 3.2
  }
}